,Hazard Ratio,Lower Confidence Level,Upper Confidence Level,Week
Prevaccinated ,8,6,10.41464,0.1428571429
Vacinated,7,3.82761,8,1.285714286
Not vaccinated,6,1.63548,7,1.428571429
Prevaccinated ,5,1.11835,6,9.142857143
Vacinated,1,1.01936,2,9.285714286
Not vaccinated,1.4,1.33,1.7,10
Prevaccinated ,1.5,1.3178,1.521867474,20.28571429
Vacinated,1.6,1.22163,2,39.28571429
Not vaccinated,1.5,1.44171,1.8,62.35714286